ID,first_name,last_name,age
1,Danny,Carter,48
2,Marvin,Kim,48
3,Samuel,Herrera,40
4,Danielle,Waller,79
5,Lisa,Mahoney,36
6,Eric,Rivera,49
7,Tracy,Haley,37
8,Juan,Smith,71
9,Marissa,Williams,22
10,Deborah,Martinez,24
11,Christopher,Kennedy,61
12,Kevin,Scott,74
13,Anthony,Villa,61
14,Nina,Hunt,42
15,Daniel,Turner,76
16,Tina,Castillo,38
17,Linda,Lawrence,46
18,Louis,Crawford,44
19,Danny,Wood,64
20,Lisa,Wagner,69
21,Natalie,Gonzalez,63
22,David,Garcia,39
23,Jenny,Brandt,70
24,Darren,Lopez,65
25,Christopher,Knight,73
26,Jeff,Wang,58
27,Kathryn,Campbell,57
28,Julie,Walker,32
29,David,Brown,21
30,Christopher,Walls,58
31,Audrey,Greene,76
32,Jessica,Green,44
33,Chris,Garza,63
34,Taylor,Black,67
35,Michael,Anderson,66
36,Peter,Hernandez,51
37,Robert,Randall,55
38,Thomas,Jenkins,49
39,Steven,Baxter,58
40,Caitlin,Anderson,30
41,Ryan,Tapia,29
42,Brittany,Wright,29
43,Justin,Palmer,75
44,Daniel,Mitchell,49
45,David,Smith,24
46,Jonathan,Cummings,40
47,Melissa,Bowman,38
48,Elizabeth,Brown,21
49,Patrick,Garrett,42
50,James,Navarro,34
